"id","start_id","start_vertex_type","end_id","end_vertex_type"
"1","1","Product","1","Keyword"
"2","1","Product","2","Keyword"
"3","1","Product","3","Keyword"
"4","1","Product","4","Keyword"
"5","1","Product","5","Keyword"
"6","1","Product","6","Keyword"
"7","1","Product","7","Keyword"
"8","1","Product","8","Keyword"
"9","1","Product","9","Keyword"
"10","1","Product","10","Keyword"
"11","1","Product","11","Keyword"
"12","1","Product","12","Keyword"
"13","1","Product","13","Keyword"
"14","1","Product","14","Keyword"
"15","1","Product","15","Keyword"
"16","1","Product","16","Keyword"
"17","1","Product","17","Keyword"
"18","1","Product","18","Keyword"
"19","1","Product","19","Keyword"
"20","1","Product","20","Keyword"
"21","1","Product","21","Keyword"
"22","1","Product","22","Keyword"
"23","1","Product","23","Keyword"
"24","1","Product","24","Keyword"
"25","1","Product","25","Keyword"
"26","1","Product","26","Keyword"
"27","1","Product","27","Keyword"
"28","1","Product","28","Keyword"
"29","1","Product","29","Keyword"
"30","1","Product","30","Keyword"
"31","1","Product","31","Keyword"
"32","1","Product","32","Keyword"
"33","1","Product","33","Keyword"
"34","1","Product","34","Keyword"
"35","1","Product","35","Keyword"
"36","1","Product","36","Keyword"
"37","1","Product","37","Keyword"
"38","1","Product","38","Keyword"
"39","1","Product","39","Keyword"
"40","1","Product","40","Keyword"
"41","1","Product","41","Keyword"
"42","1","Product","42","Keyword"
"43","1","Product","43","Keyword"
"44","1","Product","44","Keyword"
"45","1","Product","45","Keyword"
"46","1","Product","46","Keyword"
"47","1","Product","47","Keyword"
"48","1","Product","48","Keyword"
"49","1","Product","49","Keyword"
"50","1","Product","50","Keyword"
"51","1","Product","51","Keyword"
"52","1","Product","52","Keyword"
"53","2","Product","53","Keyword"
"54","2","Product","54","Keyword"
"55","2","Product","55","Keyword"
"56","2","Product","56","Keyword"
"57","2","Product","57","Keyword"
"58","2","Product","58","Keyword"
"59","2","Product","59","Keyword"
"60","2","Product","60","Keyword"
"61","2","Product","61","Keyword"
"62","2","Product","20","Keyword"
"63","2","Product","62","Keyword"
"64","2","Product","63","Keyword"
"65","2","Product","64","Keyword"
"66","2","Product","65","Keyword"
"67","2","Product","66","Keyword"
"68","2","Product","67","Keyword"
"69","2","Product","68","Keyword"
"70","2","Product","69","Keyword"
"71","2","Product","70","Keyword"
"72","2","Product","71","Keyword"
"73","2","Product","72","Keyword"
"74","2","Product","73","Keyword"
"75","2","Product","74","Keyword"
"76","2","Product","75","Keyword"
"77","2","Product","76","Keyword"
"78","2","Product","77","Keyword"
"79","2","Product","78","Keyword"
"80","2","Product","79","Keyword"
"81","2","Product","80","Keyword"
"82","2","Product","81","Keyword"
"83","2","Product","82","Keyword"
"84","2","Product","83","Keyword"
"85","2","Product","84","Keyword"
"86","2","Product","85","Keyword"
"87","2","Product","86","Keyword"
"88","2","Product","87","Keyword"
"89","2","Product","88","Keyword"
"90","2","Product","89","Keyword"
"91","2","Product","90","Keyword"
"92","2","Product","91","Keyword"
"93","2","Product","92","Keyword"
"94","2","Product","93","Keyword"
"95","2","Product","94","Keyword"
"96","2","Product","95","Keyword"
"97","2","Product","96","Keyword"
"98","2","Product","97","Keyword"
"99","2","Product","98","Keyword"
"100","2","Product","14","Keyword"
"101","2","Product","99","Keyword"
"102","2","Product","9","Keyword"
"103","2","Product","100","Keyword"
"104","2","Product","101","Keyword"
"105","2","Product","38","Keyword"
"106","2","Product","102","Keyword"
"107","2","Product","103","Keyword"
"108","2","Product","104","Keyword"
"109","2","Product","105","Keyword"
"110","2","Product","106","Keyword"
"111","2","Product","107","Keyword"
"112","2","Product","108","Keyword"
"113","2","Product","109","Keyword"
"114","2","Product","110","Keyword"
"115","2","Product","111","Keyword"
"116","3","Product","112","Keyword"
"117","3","Product","113","Keyword"
"118","3","Product","114","Keyword"
"119","3","Product","115","Keyword"
"120","3","Product","34","Keyword"
"121","3","Product","116","Keyword"
"122","3","Product","113","Keyword"
"123","3","Product","75","Keyword"
"124","3","Product","117","Keyword"
"125","3","Product","118","Keyword"
"126","3","Product","20","Keyword"
"127","3","Product","119","Keyword"
"128","3","Product","4","Keyword"
"129","3","Product","120","Keyword"
"130","3","Product","96","Keyword"
"131","3","Product","121","Keyword"
"132","3","Product","122","Keyword"
"133","3","Product","123","Keyword"
"134","3","Product","124","Keyword"
"135","3","Product","28","Keyword"
"136","3","Product","66","Keyword"
"137","3","Product","38","Keyword"
"138","3","Product","125","Keyword"
"139","3","Product","126","Keyword"
"140","3","Product","127","Keyword"
"141","3","Product","128","Keyword"
"142","3","Product","1","Keyword"
"143","3","Product","100","Keyword"
"144","3","Product","129","Keyword"
"145","3","Product","130","Keyword"
"146","3","Product","131","Keyword"
"147","3","Product","132","Keyword"
"148","3","Product","110","Keyword"
"149","3","Product","6","Keyword"
"150","3","Product","133","Keyword"
"151","3","Product","12","Keyword"
"152","3","Product","134","Keyword"
"153","3","Product","11","Keyword"
"154","3","Product","135","Keyword"
"155","3","Product","136","Keyword"
"156","3","Product","137","Keyword"
"157","3","Product","138","Keyword"
"158","3","Product","34","Keyword"
"159","3","Product","21","Keyword"
"160","3","Product","139","Keyword"
"161","3","Product","140","Keyword"
"162","3","Product","141","Keyword"
"163","3","Product","131","Keyword"
"164","3","Product","98","Keyword"
"165","3","Product","34","Keyword"
"166","3","Product","142","Keyword"
"167","3","Product","143","Keyword"
"168","3","Product","144","Keyword"
"169","3","Product","145","Keyword"
"170","3","Product","99","Keyword"
"171","3","Product","32","Keyword"
"172","3","Product","146","Keyword"
"173","3","Product","147","Keyword"
"174","3","Product","106","Keyword"
"175","3","Product","148","Keyword"
"176","3","Product","9","Keyword"
"177","3","Product","10","Keyword"
"178","3","Product","149","Keyword"
"179","3","Product","150","Keyword"
"180","3","Product","151","Keyword"
"181","3","Product","38","Keyword"
"182","3","Product","20","Keyword"
"183","3","Product","34","Keyword"
"184","3","Product","152","Keyword"
"185","3","Product","140","Keyword"
"186","3","Product","153","Keyword"
"187","3","Product","154","Keyword"
"188","4","Product","101","Keyword"
"189","4","Product","155","Keyword"
"190","4","Product","156","Keyword"
"191","4","Product","157","Keyword"
"192","4","Product","158","Keyword"
"193","4","Product","159","Keyword"
"194","4","Product","32","Keyword"
"195","4","Product","160","Keyword"
"196","4","Product","6","Keyword"
"197","4","Product","22","Keyword"
"198","4","Product","161","Keyword"
"199","4","Product","162","Keyword"
"200","4","Product","163","Keyword"
"201","4","Product","34","Keyword"
"202","4","Product","152","Keyword"
"203","4","Product","20","Keyword"
"204","4","Product","164","Keyword"
"205","4","Product","26","Keyword"
"206","4","Product","165","Keyword"
"207","4","Product","66","Keyword"
"208","4","Product","166","Keyword"
"209","4","Product","167","Keyword"
"210","4","Product","168","Keyword"
"211","4","Product","169","Keyword"
"212","4","Product","170","Keyword"
"213","4","Product","171","Keyword"
"214","4","Product","59","Keyword"
"215","4","Product","21","Keyword"
"216","4","Product","172","Keyword"
"217","4","Product","173","Keyword"
"218","4","Product","131","Keyword"
"219","4","Product","27","Keyword"
"220","4","Product","75","Keyword"
"221","4","Product","26","Keyword"
"222","4","Product","174","Keyword"
"223","4","Product","175","Keyword"
"224","4","Product","176","Keyword"
"225","4","Product","177","Keyword"
"226","4","Product","94","Keyword"
"227","4","Product","48","Keyword"
"228","4","Product","35","Keyword"
"229","4","Product","29","Keyword"
"230","4","Product","20","Keyword"
"231","4","Product","178","Keyword"
"232","4","Product","12","Keyword"
"233","4","Product","19","Keyword"
"234","4","Product","179","Keyword"
"235","4","Product","180","Keyword"
"236","4","Product","181","Keyword"
"237","4","Product","182","Keyword"
"238","4","Product","183","Keyword"
"239","4","Product","145","Keyword"
"240","4","Product","30","Keyword"
"241","4","Product","184","Keyword"
"242","4","Product","46","Keyword"
"243","4","Product","185","Keyword"
"244","4","Product","186","Keyword"
"245","4","Product","128","Keyword"
"246","4","Product","187","Keyword"
"247","4","Product","33","Keyword"
"248","4","Product","188","Keyword"
"249","4","Product","189","Keyword"
"250","4","Product","190","Keyword"
"251","4","Product","191","Keyword"
"252","4","Product","192","Keyword"
"253","4","Product","193","Keyword"
"254","5","Product","157","Keyword"
"255","5","Product","4","Keyword"
"256","5","Product","194","Keyword"
"257","5","Product","155","Keyword"
"258","5","Product","195","Keyword"
"259","5","Product","32","Keyword"
"260","5","Product","110","Keyword"
"261","5","Product","57","Keyword"
"262","5","Product","196","Keyword"
"263","5","Product","197","Keyword"
"264","5","Product","198","Keyword"
"265","5","Product","199","Keyword"
"266","5","Product","200","Keyword"
"267","5","Product","6","Keyword"
"268","5","Product","201","Keyword"
"269","5","Product","202","Keyword"
"270","5","Product","163","Keyword"
"271","5","Product","26","Keyword"
"272","5","Product","152","Keyword"
"273","5","Product","20","Keyword"
"274","5","Product","203","Keyword"
"275","5","Product","22","Keyword"
"276","5","Product","162","Keyword"
"277","5","Product","21","Keyword"
"278","5","Product","204","Keyword"
"279","5","Product","23","Keyword"
"280","5","Product","205","Keyword"
"281","5","Product","206","Keyword"
"282","5","Product","131","Keyword"
"283","5","Product","207","Keyword"
"284","5","Product","65","Keyword"
"285","5","Product","75","Keyword"
"286","5","Product","208","Keyword"
"287","5","Product","209","Keyword"
"288","5","Product","210","Keyword"
"289","5","Product","211","Keyword"
"290","5","Product","212","Keyword"
"291","5","Product","213","Keyword"
"292","5","Product","214","Keyword"
"293","5","Product","215","Keyword"
"294","5","Product","216","Keyword"
"295","5","Product","191","Keyword"
"296","5","Product","217","Keyword"
"297","5","Product","218","Keyword"
"298","5","Product","219","Keyword"
"299","5","Product","220","Keyword"
"300","5","Product","221","Keyword"
"301","5","Product","222","Keyword"
"302","5","Product","223","Keyword"
"303","5","Product","185","Keyword"
"304","5","Product","41","Keyword"
"305","5","Product","224","Keyword"
"306","5","Product","35","Keyword"
"307","5","Product","29","Keyword"
"308","5","Product","225","Keyword"
"309","5","Product","226","Keyword"
"310","5","Product","142","Keyword"
"311","5","Product","227","Keyword"
"312","5","Product","40","Keyword"
"313","6","Product","228","Keyword"
"314","6","Product","191","Keyword"
"315","6","Product","229","Keyword"
"316","6","Product","230","Keyword"
"317","6","Product","231","Keyword"
"318","6","Product","34","Keyword"
"319","6","Product","194","Keyword"
"320","6","Product","232","Keyword"
"321","6","Product","75","Keyword"
"322","6","Product","233","Keyword"
"323","6","Product","202","Keyword"
"324","6","Product","197","Keyword"
"325","6","Product","101","Keyword"
"326","6","Product","21","Keyword"
"327","6","Product","206","Keyword"
"328","6","Product","158","Keyword"
"329","6","Product","234","Keyword"
"330","6","Product","235","Keyword"
"331","6","Product","236","Keyword"
"332","6","Product","237","Keyword"
"333","6","Product","110","Keyword"
"334","6","Product","238","Keyword"
"335","6","Product","239","Keyword"
"336","6","Product","240","Keyword"
"337","6","Product","32","Keyword"
"338","6","Product","241","Keyword"
"339","6","Product","242","Keyword"
"340","6","Product","24","Keyword"
"341","6","Product","243","Keyword"
"342","6","Product","244","Keyword"
"343","6","Product","14","Keyword"
"344","6","Product","41","Keyword"
"345","6","Product","87","Keyword"
"346","6","Product","245","Keyword"
"347","6","Product","246","Keyword"
"348","6","Product","247","Keyword"
"349","6","Product","248","Keyword"
"350","6","Product","85","Keyword"
"351","6","Product","249","Keyword"
"352","6","Product","250","Keyword"
"353","6","Product","55","Keyword"
"354","6","Product","77","Keyword"
"355","6","Product","251","Keyword"
"356","6","Product","252","Keyword"
"357","6","Product","66","Keyword"
"358","6","Product","253","Keyword"
"359","6","Product","254","Keyword"
"360","6","Product","255","Keyword"
"361","6","Product","26","Keyword"
"362","6","Product","256","Keyword"
"363","6","Product","145","Keyword"
"364","6","Product","257","Keyword"
"365","6","Product","258","Keyword"
"366","6","Product","120","Keyword"
"367","6","Product","259","Keyword"
"368","6","Product","260","Keyword"
"369","6","Product","177","Keyword"
"370","7","Product","99","Keyword"
"371","7","Product","6","Keyword"
"372","7","Product","261","Keyword"
"373","7","Product","262","Keyword"
"374","7","Product","263","Keyword"
"375","7","Product","13","Keyword"
"376","7","Product","27","Keyword"
"377","7","Product","110","Keyword"
"378","7","Product","34","Keyword"
"379","7","Product","264","Keyword"
"380","7","Product","131","Keyword"
"381","7","Product","197","Keyword"
"382","7","Product","20","Keyword"
"383","7","Product","1","Keyword"
"384","7","Product","4","Keyword"
"385","7","Product","96","Keyword"
"386","7","Product","10","Keyword"
"387","7","Product","12","Keyword"
"388","7","Product","178","Keyword"
"389","7","Product","265","Keyword"
"390","7","Product","75","Keyword"
"391","7","Product","145","Keyword"
"392","7","Product","266","Keyword"
"393","7","Product","72","Keyword"
"394","7","Product","267","Keyword"
"395","7","Product","233","Keyword"
"396","7","Product","268","Keyword"
"397","7","Product","269","Keyword"
"398","7","Product","66","Keyword"
"399","7","Product","270","Keyword"
"400","7","Product","148","Keyword"
"401","7","Product","271","Keyword"
"402","7","Product","272","Keyword"
"403","7","Product","273","Keyword"
"404","7","Product","57","Keyword"
"405","7","Product","196","Keyword"
"406","7","Product","53","Keyword"
"407","7","Product","85","Keyword"
"408","7","Product","274","Keyword"
"409","7","Product","275","Keyword"
"410","7","Product","276","Keyword"
"411","7","Product","277","Keyword"
"412","7","Product","278","Keyword"
"413","7","Product","10","Keyword"
"414","7","Product","26","Keyword"
"415","7","Product","173","Keyword"
"416","7","Product","279","Keyword"
"417","7","Product","280","Keyword"
"418","7","Product","281","Keyword"
"419","7","Product","282","Keyword"
"420","7","Product","283","Keyword"
"421","8","Product","216","Keyword"
"422","8","Product","21","Keyword"
"423","8","Product","284","Keyword"
"424","8","Product","285","Keyword"
"425","8","Product","172","Keyword"
"426","8","Product","44","Keyword"
"427","8","Product","286","Keyword"
"428","8","Product","98","Keyword"
"429","8","Product","238","Keyword"
"430","8","Product","20","Keyword"
"431","8","Product","72","Keyword"
"432","8","Product","261","Keyword"
"433","8","Product","287","Keyword"
"434","8","Product","288","Keyword"
"435","8","Product","289","Keyword"
"436","8","Product","62","Keyword"
"437","8","Product","6","Keyword"
"438","8","Product","290","Keyword"
"439","8","Product","12","Keyword"
"440","8","Product","291","Keyword"
"441","8","Product","26","Keyword"
"442","8","Product","292","Keyword"
"443","8","Product","293","Keyword"
"444","8","Product","196","Keyword"
"445","8","Product","57","Keyword"
"446","8","Product","294","Keyword"
"447","8","Product","295","Keyword"
"448","8","Product","160","Keyword"
"449","8","Product","296","Keyword"
"450","8","Product","279","Keyword"
"451","8","Product","297","Keyword"
"452","8","Product","60","Keyword"
"453","8","Product","298","Keyword"
"454","8","Product","299","Keyword"
"455","8","Product","207","Keyword"
"456","8","Product","300","Keyword"
"457","8","Product","77","Keyword"
"458","8","Product","192","Keyword"
"459","8","Product","50","Keyword"
"460","8","Product","301","Keyword"
"461","8","Product","302","Keyword"
"462","8","Product","131","Keyword"
"463","8","Product","303","Keyword"
"464","8","Product","56","Keyword"
"465","8","Product","109","Keyword"
"466","8","Product","304","Keyword"
"467","8","Product","305","Keyword"
"468","8","Product","306","Keyword"
"469","8","Product","307","Keyword"
"470","9","Product","308","Keyword"
"471","9","Product","72","Keyword"
"472","9","Product","309","Keyword"
"473","9","Product","310","Keyword"
"474","9","Product","261","Keyword"
"475","9","Product","311","Keyword"
"476","9","Product","312","Keyword"
"477","9","Product","72","Keyword"
"478","9","Product","302","Keyword"
"479","9","Product","228","Keyword"
"480","9","Product","161","Keyword"
"481","9","Product","72","Keyword"
"482","9","Product","313","Keyword"
"483","9","Product","261","Keyword"
"484","9","Product","72","Keyword"
"485","9","Product","197","Keyword"
"486","9","Product","20","Keyword"
"487","9","Product","314","Keyword"
"488","9","Product","315","Keyword"
"489","9","Product","110","Keyword"
"490","9","Product","23","Keyword"
"491","9","Product","21","Keyword"
"492","9","Product","197","Keyword"
"493","9","Product","21","Keyword"
"494","9","Product","279","Keyword"
"495","9","Product","21","Keyword"
"496","9","Product","316","Keyword"
"497","9","Product","317","Keyword"
"498","9","Product","101","Keyword"
"499","9","Product","131","Keyword"
"500","9","Product","21","Keyword"
"501","9","Product","286","Keyword"
"502","9","Product","59","Keyword"
"503","9","Product","26","Keyword"
"504","9","Product","75","Keyword"
"505","9","Product","101","Keyword"
"506","9","Product","32","Keyword"
"507","9","Product","155","Keyword"
"508","9","Product","101","Keyword"
"509","9","Product","32","Keyword"
"510","9","Product","6","Keyword"
"511","9","Product","36","Keyword"
"512","9","Product","237","Keyword"
"513","9","Product","301","Keyword"
"514","9","Product","318","Keyword"
"515","9","Product","32","Keyword"
"516","9","Product","110","Keyword"
"517","9","Product","319","Keyword"
"518","9","Product","213","Keyword"
"519","9","Product","120","Keyword"
"520","9","Product","34","Keyword"
"521","9","Product","277","Keyword"
"522","9","Product","306","Keyword"
"523","9","Product","301","Keyword"
"524","9","Product","318","Keyword"
"525","9","Product","320","Keyword"
"526","9","Product","145","Keyword"
"527","9","Product","321","Keyword"
"528","9","Product","322","Keyword"
"529","9","Product","98","Keyword"
"530","9","Product","323","Keyword"
"531","9","Product","324","Keyword"
"532","9","Product","207","Keyword"
"533","9","Product","325","Keyword"
"534","9","Product","221","Keyword"
"535","9","Product","30","Keyword"
"536","9","Product","326","Keyword"
"537","9","Product","21","Keyword"
"538","9","Product","72","Keyword"
"539","9","Product","12","Keyword"
"540","9","Product","14","Keyword"
"541","9","Product","327","Keyword"
"542","9","Product","131","Keyword"
"543","9","Product","46","Keyword"
"544","9","Product","44","Keyword"
"545","9","Product","328","Keyword"
"546","9","Product","329","Keyword"
"547","9","Product","330","Keyword"
"548","9","Product","98","Keyword"
"549","9","Product","331","Keyword"
"550","9","Product","20","Keyword"
"551","10","Product","332","Keyword"
"552","10","Product","162","Keyword"
"553","10","Product","6","Keyword"
"554","10","Product","333","Keyword"
"555","10","Product","255","Keyword"
"556","10","Product","7","Keyword"
"557","10","Product","334","Keyword"
"558","10","Product","287","Keyword"
"559","10","Product","335","Keyword"
"560","10","Product","203","Keyword"
"561","10","Product","336","Keyword"
"562","10","Product","337","Keyword"
"563","10","Product","228","Keyword"
"564","10","Product","21","Keyword"
"565","10","Product","338","Keyword"
"566","10","Product","232","Keyword"
"567","10","Product","339","Keyword"
"568","10","Product","159","Keyword"
"569","10","Product","72","Keyword"
"570","10","Product","98","Keyword"
"571","10","Product","340","Keyword"
"572","10","Product","216","Keyword"
"573","10","Product","341","Keyword"
"574","10","Product","342","Keyword"
"575","10","Product","343","Keyword"
"576","10","Product","344","Keyword"
"577","10","Product","345","Keyword"
"578","10","Product","346","Keyword"
"579","10","Product","347","Keyword"
"580","10","Product","233","Keyword"
"581","10","Product","348","Keyword"
"582","10","Product","349","Keyword"
"583","10","Product","22","Keyword"
"584","10","Product","12","Keyword"
"585","10","Product","14","Keyword"
"586","10","Product","350","Keyword"
"587","10","Product","191","Keyword"
"588","10","Product","351","Keyword"
"589","10","Product","87","Keyword"
"590","10","Product","66","Keyword"
"591","10","Product","256","Keyword"
"592","10","Product","352","Keyword"
"593","10","Product","353","Keyword"
"594","10","Product","354","Keyword"
"595","10","Product","249","Keyword"
"596","10","Product","242","Keyword"
"597","10","Product","85","Keyword"
"598","10","Product","194","Keyword"
"599","10","Product","355","Keyword"
"600","10","Product","41","Keyword"
"601","10","Product","356","Keyword"
"602","10","Product","86","Keyword"
"603","10","Product","29","Keyword"
"604","10","Product","225","Keyword"
"605","10","Product","357","Keyword"
"606","10","Product","26","Keyword"
"607","10","Product","358","Keyword"
"608","10","Product","359","Keyword"
"609","10","Product","140","Keyword"
"610","11","Product","99","Keyword"
"611","11","Product","360","Keyword"
"612","11","Product","361","Keyword"
"613","11","Product","362","Keyword"
"614","11","Product","34","Keyword"
"615","11","Product","1","Keyword"
"616","11","Product","9","Keyword"
"617","11","Product","363","Keyword"
"618","11","Product","364","Keyword"
"619","11","Product","365","Keyword"
"620","11","Product","366","Keyword"
"621","11","Product","240","Keyword"
"622","11","Product","44","Keyword"
"623","11","Product","37","Keyword"
"624","11","Product","26","Keyword"
"625","11","Product","6","Keyword"
"626","11","Product","21","Keyword"
"627","11","Product","271","Keyword"
"628","11","Product","122","Keyword"
"629","11","Product","4","Keyword"
"630","11","Product","29","Keyword"
"631","11","Product","32","Keyword"
"632","11","Product","119","Keyword"
"633","11","Product","367","Keyword"
"634","11","Product","368","Keyword"
"635","11","Product","129","Keyword"
"636","11","Product","369","Keyword"
"637","11","Product","370","Keyword"
"638","11","Product","261","Keyword"
"639","11","Product","190","Keyword"
"640","11","Product","371","Keyword"
"641","11","Product","372","Keyword"
"642","11","Product","373","Keyword"
"643","11","Product","374","Keyword"
"644","11","Product","375","Keyword"
"645","11","Product","376","Keyword"
"646","11","Product","147","Keyword"
"647","11","Product","12","Keyword"
"648","11","Product","199","Keyword"
"649","11","Product","34","Keyword"
"650","11","Product","377","Keyword"
"651","11","Product","125","Keyword"
"652","11","Product","378","Keyword"
"653","11","Product","379","Keyword"
"654","11","Product","227","Keyword"
"655","11","Product","26","Keyword"
"656","11","Product","380","Keyword"
"657","11","Product","381","Keyword"
"658","11","Product","382","Keyword"
"659","11","Product","366","Keyword"
"660","11","Product","145","Keyword"
"661","11","Product","221","Keyword"
"662","11","Product","383","Keyword"
"663","11","Product","34","Keyword"
"664","11","Product","384","Keyword"
"665","12","Product","385","Keyword"
"666","12","Product","72","Keyword"
"667","12","Product","386","Keyword"
"668","12","Product","387","Keyword"
"669","12","Product","388","Keyword"
"670","12","Product","389","Keyword"
"671","12","Product","266","Keyword"
"672","12","Product","390","Keyword"
"673","12","Product","72","Keyword"
"674","12","Product","391","Keyword"
"675","12","Product","392","Keyword"
"676","12","Product","269","Keyword"
"677","12","Product","72","Keyword"
"678","12","Product","197","Keyword"
"679","12","Product","101","Keyword"
"680","12","Product","155","Keyword"
"681","12","Product","393","Keyword"
"682","12","Product","394","Keyword"
"683","12","Product","155","Keyword"
"684","12","Product","159","Keyword"
"685","12","Product","57","Keyword"
"686","12","Product","295","Keyword"
"687","12","Product","155","Keyword"
"688","12","Product","101","Keyword"
"689","12","Product","395","Keyword"
"690","12","Product","157","Keyword"
"691","12","Product","163","Keyword"
"692","12","Product","240","Keyword"
"693","12","Product","148","Keyword"
"694","12","Product","191","Keyword"
"695","12","Product","391","Keyword"
"696","12","Product","148","Keyword"
"697","12","Product","191","Keyword"
"698","12","Product","233","Keyword"
"699","12","Product","396","Keyword"
"700","12","Product","397","Keyword"
"701","12","Product","398","Keyword"
"702","12","Product","37","Keyword"
"703","12","Product","26","Keyword"
"704","12","Product","66","Keyword"
"705","12","Product","12","Keyword"
"706","12","Product","178","Keyword"
"707","12","Product","399","Keyword"
"708","12","Product","307","Keyword"
"709","12","Product","18","Keyword"
"710","12","Product","398","Keyword"
"711","12","Product","400","Keyword"
"712","12","Product","401","Keyword"
"713","12","Product","402","Keyword"
"714","12","Product","403","Keyword"
"715","12","Product","387","Keyword"
"716","12","Product","163","Keyword"
"717","12","Product","26","Keyword"
"718","12","Product","404","Keyword"
"719","12","Product","400","Keyword"
"720","12","Product","110","Keyword"
"721","12","Product","98","Keyword"
"722","12","Product","405","Keyword"
"723","12","Product","406","Keyword"
"724","12","Product","37","Keyword"
"725","12","Product","32","Keyword"
"726","12","Product","271","Keyword"
"727","12","Product","407","Keyword"
"728","12","Product","408","Keyword"
"729","12","Product","409","Keyword"
"730","12","Product","410","Keyword"
"731","12","Product","124","Keyword"
"732","12","Product","20","Keyword"
"733","12","Product","34","Keyword"
"734","12","Product","152","Keyword"
"735","12","Product","140","Keyword"
"736","12","Product","411","Keyword"
"737","12","Product","412","Keyword"
"738","12","Product","94","Keyword"
"739","12","Product","413","Keyword"
"740","12","Product","227","Keyword"
"741","13","Product","27","Keyword"
"742","13","Product","414","Keyword"
"743","13","Product","415","Keyword"
"744","13","Product","416","Keyword"
"745","13","Product","302","Keyword"
"746","13","Product","161","Keyword"
"747","13","Product","27","Keyword"
"748","13","Product","99","Keyword"
"749","13","Product","240","Keyword"
"750","13","Product","287","Keyword"
"751","13","Product","232","Keyword"
"752","13","Product","417","Keyword"
"753","13","Product","162","Keyword"
"754","13","Product","396","Keyword"
"755","13","Product","12","Keyword"
"756","13","Product","14","Keyword"
"757","13","Product","44","Keyword"
"758","13","Product","6","Keyword"
"759","13","Product","418","Keyword"
"760","13","Product","313","Keyword"
"761","13","Product","13","Keyword"
"762","13","Product","36","Keyword"
"763","13","Product","419","Keyword"
"764","13","Product","20","Keyword"
"765","13","Product","236","Keyword"
"766","13","Product","261","Keyword"
"767","13","Product","420","Keyword"
"768","13","Product","110","Keyword"
"769","13","Product","228","Keyword"
"770","13","Product","421","Keyword"
"771","13","Product","62","Keyword"
"772","13","Product","422","Keyword"
"773","13","Product","72","Keyword"
"774","13","Product","188","Keyword"
"775","13","Product","423","Keyword"
"776","13","Product","424","Keyword"
"777","13","Product","425","Keyword"
"778","13","Product","145","Keyword"
"779","13","Product","308","Keyword"
"780","13","Product","34","Keyword"
"781","13","Product","264","Keyword"
"782","13","Product","174","Keyword"
"783","13","Product","1","Keyword"
"784","13","Product","424","Keyword"
"785","13","Product","426","Keyword"
"786","13","Product","195","Keyword"
"787","13","Product","16","Keyword"
"788","13","Product","160","Keyword"
"789","13","Product","147","Keyword"
"790","13","Product","427","Keyword"
"791","13","Product","19","Keyword"
"792","13","Product","94","Keyword"
"793","13","Product","428","Keyword"
"794","13","Product","429","Keyword"
"795","13","Product","430","Keyword"
"796","13","Product","257","Keyword"
"797","13","Product","431","Keyword"
"798","13","Product","432","Keyword"
"799","13","Product","433","Keyword"
"800","13","Product","434","Keyword"
"801","13","Product","140","Keyword"
"802","13","Product","435","Keyword"
"803","13","Product","381","Keyword"
"804","13","Product","436","Keyword"
"805","13","Product","20","Keyword"
"806","14","Product","99","Keyword"
"807","14","Product","4","Keyword"
"808","14","Product","437","Keyword"
"809","14","Product","266","Keyword"
"810","14","Product","72","Keyword"
"811","14","Product","438","Keyword"
"812","14","Product","148","Keyword"
"813","14","Product","240","Keyword"
"814","14","Product","159","Keyword"
"815","14","Product","124","Keyword"
"816","14","Product","99","Keyword"
"817","14","Product","1","Keyword"
"818","14","Product","424","Keyword"
"819","14","Product","151","Keyword"
"820","14","Product","34","Keyword"
"821","14","Product","439","Keyword"
"822","14","Product","237","Keyword"
"823","14","Product","424","Keyword"
"824","14","Product","6","Keyword"
"825","14","Product","236","Keyword"
"826","14","Product","237","Keyword"
"827","14","Product","36","Keyword"
"828","14","Product","440","Keyword"
"829","14","Product","441","Keyword"
"830","14","Product","20","Keyword"
"831","14","Product","442","Keyword"
"832","14","Product","203","Keyword"
"833","14","Product","443","Keyword"
"834","14","Product","444","Keyword"
"835","14","Product","12","Keyword"
"836","14","Product","148","Keyword"
"837","14","Product","445","Keyword"
"838","14","Product","119","Keyword"
"839","14","Product","4","Keyword"
"840","14","Product","223","Keyword"
"841","14","Product","29","Keyword"
"842","14","Product","32","Keyword"
"843","14","Product","446","Keyword"
"844","14","Product","43","Keyword"
"845","14","Product","447","Keyword"
"846","14","Product","448","Keyword"
"847","14","Product","449","Keyword"
"848","14","Product","450","Keyword"
"849","14","Product","451","Keyword"
"850","14","Product","452","Keyword"
"851","14","Product","26","Keyword"
"852","14","Product","199","Keyword"
"853","14","Product","453","Keyword"
"854","14","Product","24","Keyword"
"855","14","Product","161","Keyword"
"856","14","Product","27","Keyword"
"857","14","Product","131","Keyword"
"858","14","Product","14","Keyword"
"859","14","Product","454","Keyword"
"860","14","Product","455","Keyword"
"861","14","Product","206","Keyword"
"862","14","Product","394","Keyword"
"863","14","Product","162","Keyword"
"864","14","Product","119","Keyword"
"865","14","Product","131","Keyword"
"866","14","Product","26","Keyword"
"867","14","Product","279","Keyword"
"868","14","Product","161","Keyword"
"869","14","Product","27","Keyword"
"870","14","Product","456","Keyword"
"871","14","Product","264","Keyword"
"872","14","Product","145","Keyword"
"873","14","Product","169","Keyword"
"874","14","Product","221","Keyword"
"875","14","Product","457","Keyword"
"876","14","Product","458","Keyword"
"877","14","Product","169","Keyword"
"878","14","Product","459","Keyword"
"879","14","Product","221","Keyword"
"880","14","Product","5","Keyword"
"881","14","Product","46","Keyword"
"882","14","Product","460","Keyword"
"883","14","Product","461","Keyword"
"884","14","Product","462","Keyword"
"885","14","Product","463","Keyword"
"886","14","Product","464","Keyword"
"887","14","Product","20","Keyword"
"888","14","Product","465","Keyword"
"889","14","Product","269","Keyword"
"890","14","Product","432","Keyword"
"891","15","Product","178","Keyword"
"892","15","Product","21","Keyword"
"893","15","Product","466","Keyword"
"894","15","Product","44","Keyword"
"895","15","Product","1","Keyword"
"896","15","Product","10","Keyword"
"897","15","Product","467","Keyword"
"898","15","Product","468","Keyword"
"899","15","Product","237","Keyword"
"900","15","Product","469","Keyword"
"901","15","Product","26","Keyword"
"902","15","Product","9","Keyword"
"903","15","Product","148","Keyword"
"904","15","Product","293","Keyword"
"905","15","Product","75","Keyword"
"906","15","Product","131","Keyword"
"907","15","Product","6","Keyword"
"908","15","Product","261","Keyword"
"909","15","Product","72","Keyword"
"910","15","Product","470","Keyword"
"911","15","Product","34","Keyword"
"912","15","Product","471","Keyword"
"913","15","Product","249","Keyword"
"914","15","Product","110","Keyword"
"915","15","Product","12","Keyword"
"916","15","Product","472","Keyword"
"917","15","Product","182","Keyword"
"918","15","Product","101","Keyword"
"919","15","Product","162","Keyword"
"920","15","Product","287","Keyword"
"921","15","Product","172","Keyword"
"922","15","Product","66","Keyword"
"923","15","Product","161","Keyword"
"924","15","Product","98","Keyword"
"925","15","Product","271","Keyword"
"926","15","Product","101","Keyword"
"927","15","Product","473","Keyword"
"928","15","Product","148","Keyword"
"929","15","Product","12","Keyword"
"930","15","Product","11","Keyword"
"931","15","Product","426","Keyword"
"932","15","Product","474","Keyword"
"933","15","Product","446","Keyword"
"934","15","Product","3","Keyword"
"935","15","Product","427","Keyword"
"936","15","Product","475","Keyword"
"937","15","Product","476","Keyword"
"938","15","Product","80","Keyword"
"939","15","Product","477","Keyword"
"940","15","Product","478","Keyword"
"941","15","Product","479","Keyword"
"942","15","Product","221","Keyword"
"943","15","Product","480","Keyword"
"944","15","Product","481","Keyword"
"945","15","Product","482","Keyword"
"946","15","Product","483","Keyword"
"947","15","Product","140","Keyword"
"948","15","Product","484","Keyword"
"949","15","Product","212","Keyword"
"950","16","Product","485","Keyword"
"951","16","Product","486","Keyword"
"952","16","Product","452","Keyword"
"953","16","Product","13","Keyword"
"954","16","Product","487","Keyword"
"955","16","Product","488","Keyword"
"956","16","Product","140","Keyword"
"957","16","Product","50","Keyword"
"958","16","Product","489","Keyword"
"959","16","Product","20","Keyword"
"960","16","Product","119","Keyword"
"961","16","Product","26","Keyword"
"962","16","Product","34","Keyword"
"963","16","Product","21","Keyword"
"964","16","Product","238","Keyword"
"965","16","Product","22","Keyword"
"966","16","Product","271","Keyword"
"967","16","Product","121","Keyword"
"968","16","Product","119","Keyword"
"969","16","Product","4","Keyword"
"970","16","Product","216","Keyword"
"971","16","Product","264","Keyword"
"972","16","Product","181","Keyword"
"973","16","Product","124","Keyword"
"974","16","Product","110","Keyword"
"975","16","Product","29","Keyword"
"976","16","Product","32","Keyword"
"977","16","Product","6","Keyword"
"978","16","Product","225","Keyword"
"979","16","Product","185","Keyword"
"980","16","Product","134","Keyword"
"981","16","Product","35","Keyword"
"982","16","Product","490","Keyword"
"983","16","Product","491","Keyword"
"984","16","Product","492","Keyword"
"985","16","Product","493","Keyword"
"986","16","Product","188","Keyword"
"987","16","Product","133","Keyword"
"988","16","Product","27","Keyword"
"989","16","Product","494","Keyword"
"990","16","Product","66","Keyword"
"991","16","Product","495","Keyword"
"992","16","Product","496","Keyword"
"993","16","Product","98","Keyword"
"994","16","Product","497","Keyword"
"995","16","Product","498","Keyword"
"996","16","Product","92","Keyword"
"997","16","Product","499","Keyword"
"998","16","Product","500","Keyword"
"999","16","Product","501","Keyword"
"1000","16","Product","502","Keyword"
"1001","16","Product","175","Keyword"
"1002","16","Product","503","Keyword"
"1003","16","Product","221","Keyword"
"1004","16","Product","504","Keyword"
"1005","16","Product","505","Keyword"
"1006","16","Product","163","Keyword"
"1007","16","Product","506","Keyword"
"1008","16","Product","507","Keyword"
"1009","17","Product","57","Keyword"
"1010","17","Product","508","Keyword"
"1011","17","Product","509","Keyword"
"1012","17","Product","510","Keyword"
"1013","17","Product","294","Keyword"
"1014","17","Product","318","Keyword"
"1015","17","Product","366","Keyword"
"1016","17","Product","85","Keyword"
"1017","17","Product","488","Keyword"
"1018","17","Product","511","Keyword"
"1019","17","Product","466","Keyword"
"1020","17","Product","61","Keyword"
"1021","17","Product","512","Keyword"
"1022","17","Product","20","Keyword"
"1023","17","Product","99","Keyword"
"1024","17","Product","94","Keyword"
"1025","17","Product","513","Keyword"
"1026","17","Product","35","Keyword"
"1027","17","Product","14","Keyword"
"1028","17","Product","196","Keyword"
"1029","17","Product","129","Keyword"
"1030","17","Product","212","Keyword"
"1031","17","Product","110","Keyword"
"1032","17","Product","514","Keyword"
"1033","17","Product","9","Keyword"
"1034","17","Product","101","Keyword"
"1035","17","Product","145","Keyword"
"1036","17","Product","114","Keyword"
"1037","17","Product","22","Keyword"
"1038","17","Product","489","Keyword"
"1039","17","Product","515","Keyword"
"1040","17","Product","98","Keyword"
"1041","17","Product","115","Keyword"
"1042","17","Product","516","Keyword"
"1043","17","Product","505","Keyword"
"1044","17","Product","26","Keyword"
"1045","17","Product","29","Keyword"
"1046","17","Product","517","Keyword"
"1047","17","Product","518","Keyword"
"1048","17","Product","519","Keyword"
"1049","17","Product","135","Keyword"
"1050","17","Product","66","Keyword"
"1051","17","Product","216","Keyword"
"1052","17","Product","140","Keyword"
"1053","17","Product","138","Keyword"
"1054","17","Product","520","Keyword"
"1055","17","Product","299","Keyword"
"1056","17","Product","521","Keyword"
"1057","17","Product","54","Keyword"
"1058","17","Product","522","Keyword"
"1059","17","Product","523","Keyword"
"1060","17","Product","524","Keyword"
"1061","17","Product","50","Keyword"
"1062","17","Product","487","Keyword"
"1063","17","Product","525","Keyword"
"1064","17","Product","251","Keyword"
"1065","17","Product","324","Keyword"
"1066","17","Product","526","Keyword"
"1067","17","Product","92","Keyword"
"1068","17","Product","436","Keyword"
"1069","18","Product","499","Keyword"
"1070","18","Product","486","Keyword"
"1071","18","Product","485","Keyword"
"1072","18","Product","527","Keyword"
"1073","18","Product","528","Keyword"
"1074","18","Product","521","Keyword"
"1075","18","Product","529","Keyword"
"1076","18","Product","530","Keyword"
"1077","18","Product","505","Keyword"
"1078","18","Product","531","Keyword"
"1079","18","Product","532","Keyword"
"1080","18","Product","533","Keyword"
"1081","18","Product","50","Keyword"
"1082","18","Product","21","Keyword"
"1083","18","Product","534","Keyword"
"1084","18","Product","161","Keyword"
"1085","18","Product","27","Keyword"
"1086","18","Product","135","Keyword"
"1087","18","Product","212","Keyword"
"1088","18","Product","98","Keyword"
"1089","18","Product","12","Keyword"
"1090","18","Product","178","Keyword"
"1091","18","Product","279","Keyword"
"1092","18","Product","147","Keyword"
"1093","18","Product","11","Keyword"
"1094","18","Product","4","Keyword"
"1095","18","Product","115","Keyword"
"1096","18","Product","535","Keyword"
"1097","18","Product","114","Keyword"
"1098","18","Product","306","Keyword"
"1099","18","Product","536","Keyword"
"1100","18","Product","293","Keyword"
"1101","18","Product","537","Keyword"
"1102","18","Product","494","Keyword"
"1103","18","Product","538","Keyword"
"1104","18","Product","145","Keyword"
"1105","18","Product","539","Keyword"
"1106","18","Product","77","Keyword"
"1107","18","Product","251","Keyword"
"1108","18","Product","80","Keyword"
"1109","18","Product","491","Keyword"
"1110","18","Product","237","Keyword"
"1111","18","Product","540","Keyword"
"1112","18","Product","277","Keyword"
"1113","18","Product","541","Keyword"
"1114","18","Product","324","Keyword"
"1115","18","Product","542","Keyword"
"1116","18","Product","543","Keyword"
"1117","18","Product","40","Keyword"
"1118","18","Product","221","Keyword"
"1119","19","Product","544","Keyword"
"1120","19","Product","112","Keyword"
"1121","19","Product","114","Keyword"
"1122","19","Product","22","Keyword"
"1123","19","Product","175","Keyword"
"1124","19","Product","118","Keyword"
"1125","19","Product","225","Keyword"
"1126","19","Product","115","Keyword"
"1127","19","Product","505","Keyword"
"1128","19","Product","535","Keyword"
"1129","19","Product","545","Keyword"
"1130","19","Product","518","Keyword"
"1131","19","Product","140","Keyword"
"1132","19","Product","307","Keyword"
"1133","19","Product","20","Keyword"
"1134","19","Product","546","Keyword"
"1135","19","Product","110","Keyword"
"1136","19","Product","499","Keyword"
"1137","19","Product","508","Keyword"
"1138","19","Product","485","Keyword"
"1139","19","Product","500","Keyword"
"1140","19","Product","547","Keyword"
"1141","19","Product","488","Keyword"
"1142","19","Product","34","Keyword"
"1143","19","Product","509","Keyword"
"1144","19","Product","523","Keyword"
"1145","19","Product","140","Keyword"
"1146","19","Product","128","Keyword"
"1147","19","Product","175","Keyword"
"1148","19","Product","548","Keyword"
"1149","19","Product","515","Keyword"
"1150","19","Product","29","Keyword"
"1151","19","Product","549","Keyword"
"1152","19","Product","185","Keyword"
"1153","19","Product","26","Keyword"
"1154","19","Product","134","Keyword"
"1155","19","Product","185","Keyword"
"1156","19","Product","29","Keyword"
"1157","19","Product","549","Keyword"
"1158","19","Product","550","Keyword"
"1159","19","Product","98","Keyword"
"1160","19","Product","189","Keyword"
"1161","19","Product","549","Keyword"
"1162","19","Product","32","Keyword"
"1163","19","Product","110","Keyword"
"1164","19","Product","551","Keyword"
"1165","19","Product","138","Keyword"
"1166","19","Product","30","Keyword"
"1167","19","Product","31","Keyword"
"1168","19","Product","552","Keyword"
"1169","19","Product","553","Keyword"
"1170","19","Product","98","Keyword"
"1171","19","Product","554","Keyword"
"1172","19","Product","144","Keyword"
"1173","19","Product","21","Keyword"
"1174","19","Product","6","Keyword"
"1175","19","Product","555","Keyword"
"1176","19","Product","556","Keyword"
"1177","19","Product","557","Keyword"
"1178","19","Product","121","Keyword"
"1179","19","Product","517","Keyword"
"1180","19","Product","139","Keyword"
"1181","19","Product","28","Keyword"
"1182","19","Product","535","Keyword"
"1183","19","Product","545","Keyword"
"1184","19","Product","558","Keyword"
"1185","19","Product","555","Keyword"
"1186","19","Product","256","Keyword"
"1187","19","Product","254","Keyword"
"1188","19","Product","34","Keyword"
"1189","19","Product","559","Keyword"
"1190","19","Product","560","Keyword"
"1191","19","Product","38","Keyword"
"1192","19","Product","561","Keyword"
"1193","19","Product","98","Keyword"
"1194","19","Product","260","Keyword"
"1195","19","Product","562","Keyword"
"1196","19","Product","412","Keyword"
"1197","19","Product","110","Keyword"
"1198","19","Product","563","Keyword"
"1199","19","Product","519","Keyword"
"1200","19","Product","38","Keyword"
"1201","19","Product","560","Keyword"
"1202","19","Product","564","Keyword"
"1203","20","Product","565","Keyword"
"1204","20","Product","566","Keyword"
"1205","20","Product","191","Keyword"
"1206","20","Product","567","Keyword"
"1207","20","Product","20","Keyword"
"1208","20","Product","162","Keyword"
"1209","20","Product","27","Keyword"
"1210","20","Product","568","Keyword"
"1211","20","Product","569","Keyword"
"1212","20","Product","570","Keyword"
"1213","20","Product","110","Keyword"
"1214","20","Product","34","Keyword"
"1215","20","Product","6","Keyword"
"1216","20","Product","35","Keyword"
"1217","20","Product","279","Keyword"
"1218","20","Product","140","Keyword"
"1219","20","Product","224","Keyword"
"1220","20","Product","185","Keyword"
"1221","20","Product","26","Keyword"
"1222","20","Product","98","Keyword"
"1223","20","Product","571","Keyword"
"1224","20","Product","14","Keyword"
"1225","20","Product","124","Keyword"
"1226","20","Product","572","Keyword"
"1227","20","Product","32","Keyword"
"1228","20","Product","573","Keyword"
"1229","20","Product","574","Keyword"
"1230","20","Product","129","Keyword"
"1231","20","Product","80","Keyword"
"1232","20","Product","535","Keyword"
"1233","20","Product","114","Keyword"
"1234","20","Product","501","Keyword"
"1235","20","Product","575","Keyword"
"1236","20","Product","125","Keyword"
"1237","20","Product","576","Keyword"
"1238","20","Product","411","Keyword"
"1239","20","Product","577","Keyword"
"1240","20","Product","115","Keyword"
"1241","20","Product","50","Keyword"
"1242","20","Product","578","Keyword"
"1243","20","Product","75","Keyword"
"1244","20","Product","88","Keyword"
"1245","20","Product","579","Keyword"
"1246","20","Product","580","Keyword"
"1247","20","Product","581","Keyword"
"1248","20","Product","582","Keyword"
"1249","20","Product","583","Keyword"
"1250","20","Product","439","Keyword"
"1251","20","Product","584","Keyword"
"1252","20","Product","489","Keyword"
"1253","20","Product","585","Keyword"
"1254","21","Product","57","Keyword"
"1255","21","Product","586","Keyword"
"1256","21","Product","587","Keyword"
"1257","21","Product","588","Keyword"
"1258","21","Product","589","Keyword"
"1259","21","Product","590","Keyword"
"1260","21","Product","591","Keyword"
"1261","21","Product","71","Keyword"
"1262","21","Product","592","Keyword"
"1263","21","Product","57","Keyword"
"1264","21","Product","593","Keyword"
"1265","21","Product","594","Keyword"
"1266","21","Product","57","Keyword"
"1267","21","Product","318","Keyword"
"1268","21","Product","515","Keyword"
"1269","21","Product","110","Keyword"
"1270","21","Product","11","Keyword"
"1271","21","Product","4","Keyword"
"1272","21","Product","595","Keyword"
"1273","21","Product","147","Keyword"
"1274","21","Product","549","Keyword"
"1275","21","Product","11","Keyword"
"1276","21","Product","4","Keyword"
"1277","21","Product","14","Keyword"
"1278","21","Product","99","Keyword"
"1279","21","Product","596","Keyword"
"1280","21","Product","412","Keyword"
"1281","21","Product","20","Keyword"
"1282","21","Product","57","Keyword"
"1283","21","Product","519","Keyword"
"1284","21","Product","155","Keyword"
"1285","21","Product","101","Keyword"
"1286","21","Product","12","Keyword"
"1287","21","Product","1","Keyword"
"1288","21","Product","100","Keyword"
"1289","21","Product","119","Keyword"
"1290","21","Product","26","Keyword"
"1291","21","Product","26","Keyword"
"1292","21","Product","597","Keyword"
"1293","21","Product","115","Keyword"
"1294","21","Product","6","Keyword"
"1295","21","Product","190","Keyword"
"1296","21","Product","517","Keyword"
"1297","21","Product","518","Keyword"
"1298","21","Product","32","Keyword"
"1299","21","Product","110","Keyword"
"1300","21","Product","598","Keyword"
"1301","21","Product","599","Keyword"
"1302","21","Product","140","Keyword"
"1303","21","Product","144","Keyword"
"1304","21","Product","375","Keyword"
"1305","21","Product","600","Keyword"
"1306","21","Product","278","Keyword"
"1307","21","Product","601","Keyword"
"1308","21","Product","588","Keyword"
"1309","21","Product","602","Keyword"
"1310","21","Product","603","Keyword"
"1311","21","Product","54","Keyword"
"1312","21","Product","466","Keyword"
"1313","21","Product","604","Keyword"
"1314","21","Product","605","Keyword"
"1315","21","Product","207","Keyword"
"1316","21","Product","65","Keyword"
"1317","21","Product","606","Keyword"
"1318","21","Product","75","Keyword"
"1319","21","Product","607","Keyword"
"1320","21","Product","608","Keyword"
"1321","21","Product","609","Keyword"
"1322","21","Product","610","Keyword"
"1323","21","Product","30","Keyword"
"1324","21","Product","611","Keyword"
"1325","21","Product","6","Keyword"
"1326","21","Product","612","Keyword"
"1327","21","Product","185","Keyword"
"1328","21","Product","192","Keyword"
"1329","21","Product","613","Keyword"
"1330","21","Product","185","Keyword"
"1331","21","Product","6","Keyword"
"1332","21","Product","614","Keyword"
"1333","21","Product","30","Keyword"
"1334","21","Product","615","Keyword"
"1335","21","Product","279","Keyword"
"1336","21","Product","46","Keyword"
"1337","21","Product","616","Keyword"
"1338","21","Product","617","Keyword"
"1339","21","Product","110","Keyword"
"1340","22","Product","147","Keyword"
"1341","22","Product","365","Keyword"
"1342","22","Product","618","Keyword"
"1343","22","Product","11","Keyword"
"1344","22","Product","4","Keyword"
"1345","22","Product","147","Keyword"
"1346","22","Product","32","Keyword"
"1347","22","Product","310","Keyword"
"1348","22","Product","619","Keyword"
"1349","22","Product","20","Keyword"
"1350","22","Product","12","Keyword"
"1351","22","Product","178","Keyword"
"1352","22","Product","29","Keyword"
"1353","22","Product","185","Keyword"
"1354","22","Product","6","Keyword"
"1355","22","Product","370","Keyword"
"1356","22","Product","98","Keyword"
"1357","22","Product","620","Keyword"
"1358","22","Product","621","Keyword"
"1359","22","Product","622","Keyword"
"1360","22","Product","178","Keyword"
"1361","22","Product","32","Keyword"
"1362","22","Product","110","Keyword"
"1363","22","Product","34","Keyword"
"1364","22","Product","41","Keyword"
"1365","22","Product","163","Keyword"
"1366","22","Product","26","Keyword"
"1367","22","Product","161","Keyword"
"1368","22","Product","27","Keyword"
"1369","22","Product","178","Keyword"
"1370","22","Product","161","Keyword"
"1371","22","Product","27","Keyword"
"1372","22","Product","131","Keyword"
"1373","22","Product","119","Keyword"
"1374","22","Product","21","Keyword"
"1375","22","Product","406","Keyword"
"1376","22","Product","587","Keyword"
"1377","22","Product","623","Keyword"
"1378","22","Product","540","Keyword"
"1379","22","Product","188","Keyword"
"1380","22","Product","20","Keyword"
"1381","22","Product","624","Keyword"
"1382","22","Product","278","Keyword"
"1383","22","Product","366","Keyword"
"1384","22","Product","318","Keyword"
"1385","22","Product","34","Keyword"
"1386","22","Product","277","Keyword"
"1387","22","Product","320","Keyword"
"1388","22","Product","277","Keyword"
"1389","22","Product","98","Keyword"
"1390","22","Product","110","Keyword"
"1391","22","Product","625","Keyword"
"1392","22","Product","604","Keyword"
"1393","22","Product","98","Keyword"
"1394","22","Product","626","Keyword"
"1395","22","Product","278","Keyword"
"1396","22","Product","10","Keyword"
"1397","22","Product","186","Keyword"
"1398","22","Product","33","Keyword"
"1399","22","Product","140","Keyword"
"1400","22","Product","33","Keyword"
"1401","22","Product","452","Keyword"
"1402","22","Product","627","Keyword"
"1403","22","Product","628","Keyword"
"1404","22","Product","40","Keyword"
"1405","22","Product","629","Keyword"
"1406","22","Product","318","Keyword"
"1407","22","Product","630","Keyword"
"1408","22","Product","280","Keyword"
"1409","22","Product","33","Keyword"
"1410","22","Product","284","Keyword"
"1411","22","Product","631","Keyword"
"1412","22","Product","242","Keyword"
"1413","22","Product","632","Keyword"
"1414","22","Product","562","Keyword"
"1415","22","Product","633","Keyword"
"1416","22","Product","40","Keyword"
"1417","23","Product","23","Keyword"
"1418","23","Product","161","Keyword"
"1419","23","Product","27","Keyword"
"1420","23","Product","422","Keyword"
"1421","23","Product","634","Keyword"
"1422","23","Product","284","Keyword"
"1423","23","Product","635","Keyword"
"1424","23","Product","308","Keyword"
"1425","23","Product","72","Keyword"
"1426","23","Product","20","Keyword"
"1427","23","Product","21","Keyword"
"1428","23","Product","636","Keyword"
"1429","23","Product","101","Keyword"
"1430","23","Product","44","Keyword"
"1431","23","Product","216","Keyword"
"1432","23","Product","120","Keyword"
"1433","23","Product","594","Keyword"
"1434","23","Product","26","Keyword"
"1435","23","Product","207","Keyword"
"1436","23","Product","162","Keyword"
"1437","23","Product","238","Keyword"
"1438","23","Product","75","Keyword"
"1439","23","Product","535","Keyword"
"1440","23","Product","293","Keyword"
"1441","23","Product","637","Keyword"
"1442","23","Product","6","Keyword"
"1443","23","Product","22","Keyword"
"1444","23","Product","638","Keyword"
"1445","23","Product","12","Keyword"
"1446","23","Product","14","Keyword"
"1447","23","Product","279","Keyword"
"1448","23","Product","34","Keyword"
"1449","23","Product","152","Keyword"
"1450","23","Product","32","Keyword"
"1451","23","Product","110","Keyword"
"1452","23","Product","261","Keyword"
"1453","23","Product","133","Keyword"
"1454","23","Product","185","Keyword"
"1455","23","Product","273","Keyword"
"1456","23","Product","253","Keyword"
"1457","23","Product","254","Keyword"
"1458","23","Product","639","Keyword"
"1459","23","Product","145","Keyword"
"1460","23","Product","277","Keyword"
"1461","23","Product","301","Keyword"
"1462","23","Product","119","Keyword"
"1463","23","Product","264","Keyword"
"1464","23","Product","640","Keyword"
"1465","23","Product","641","Keyword"
"1466","23","Product","642","Keyword"
"1467","23","Product","212","Keyword"
"1468","23","Product","146","Keyword"
"1469","23","Product","643","Keyword"
"1470","23","Product","491","Keyword"
"1471","23","Product","492","Keyword"
"1472","23","Product","540","Keyword"
"1473","23","Product","160","Keyword"
"1474","23","Product","554","Keyword"
"1475","23","Product","604","Keyword"
"1476","23","Product","644","Keyword"
"1477","23","Product","645","Keyword"
"1478","23","Product","137","Keyword"
"1479","23","Product","207","Keyword"
"1480","23","Product","646","Keyword"
"1481","23","Product","647","Keyword"
"1482","23","Product","359","Keyword"
"1483","24","Product","485","Keyword"
"1484","24","Product","486","Keyword"
"1485","24","Product","499","Keyword"
"1486","24","Product","13","Keyword"
"1487","24","Product","488","Keyword"
"1488","24","Product","207","Keyword"
"1489","24","Product","161","Keyword"
"1490","24","Product","26","Keyword"
"1491","24","Product","532","Keyword"
"1492","24","Product","20","Keyword"
"1493","24","Product","535","Keyword"
"1494","24","Product","648","Keyword"
"1495","24","Product","114","Keyword"
"1496","24","Product","44","Keyword"
"1497","24","Product","293","Keyword"
"1498","24","Product","594","Keyword"
"1499","24","Product","649","Keyword"
"1500","24","Product","21","Keyword"
"1501","24","Product","216","Keyword"
"1502","24","Product","172","Keyword"
"1503","24","Product","422","Keyword"
"1504","24","Product","650","Keyword"
"1505","24","Product","651","Keyword"
"1506","24","Product","652","Keyword"
"1507","24","Product","284","Keyword"
"1508","24","Product","653","Keyword"
"1509","24","Product","27","Keyword"
"1510","24","Product","299","Keyword"
"1511","24","Product","147","Keyword"
"1512","24","Product","98","Keyword"
"1513","24","Product","654","Keyword"
"1514","24","Product","12","Keyword"
"1515","24","Product","655","Keyword"
"1516","24","Product","656","Keyword"
"1517","24","Product","527","Keyword"
"1518","24","Product","75","Keyword"
"1519","24","Product","504","Keyword"
"1520","24","Product","657","Keyword"
"1521","24","Product","110","Keyword"
"1522","24","Product","479","Keyword"
"1523","24","Product","34","Keyword"
"1524","24","Product","359","Keyword"
"1525","24","Product","540","Keyword"
"1526","24","Product","523","Keyword"
"1527","24","Product","556","Keyword"
"1528","24","Product","543","Keyword"
"1529","24","Product","658","Keyword"
"1530","24","Product","221","Keyword"
